{"minHeight": 419.84765625, "maxHeight": 2202.14453125, "range": 1782.296875, "width_m": 27106.23654553666, "height_m": 27101.788616334652}